start_sec,end_sec,label
92.85714285714286,1272.857142857143,0
3192.8557142857144,3917.8557142857144,1
