start_sec,end_sec,label
85.62428571428572,1265.6242857142856,0
1907.6242857142856,2587.6242857142856,1
