start_sec,end_sec,label
87.90571428571428,1267.9071428571428,0
3260.907142857143,3924.907142857143,1
