start_sec,end_sec,label
26.195714285714285,1206.1957142857143,0
1904.1957142857143,2579.195714285714,1
