start_sec,end_sec,label
92.23428571428572,1273.2342857142858,0
3512.2342857142858,4235.234285714286,1
