start_sec,end_sec,label
306.54714285714283,1450.547142857143,0
2273.5457142857144,2888.5457142857144,1
