start_sec,end_sec,label
352.8542857142857,1492.8542857142857,0
2243.8542857142857,2883.8542857142857,1
