start_sec,end_sec,label
285.29285714285714,1443.2942857142857,0
3613.2942857142857,4248.294285714286,1
