start_sec,end_sec,label
279.37142857142857,1477.3714285714286,0
3602.3714285714286,4247.371428571429,1
