start_sec,end_sec,label
642.6957142857143,1822.6957142857143,0
2440.695714285714,3090.695714285714,1
