start_sec,end_sec,label
100.63142857142857,1286.6314285714286,0
3096.6314285714284,3736.6314285714284,1
