start_sec,end_sec,label
158.53142857142856,1327.5314285714285,0
3292.5314285714285,3962.5314285714285,1
