start_sec,end_sec,label
75.24571428571429,1255.2457142857143,0
1872.2457142857143,2517.2457142857143,1
